{"cameraMode":{"drawMode":0,"name":"Shaded","section":"Shading Mode"},"sceneLighting":true,"audioPlay":false,"sceneViewState":{"showFog":true,"showMaterialUpdate":true,"showSkybox":true,"showFlares":true,"showImageEffects":true,"showParticleSystems":true},"in2DMode":false,"pivot":{"x":-0.5267044901847839,"y":2.445507764816284,"z":8.785887718200684},"rotation":{"x":-0.062125466763973239,"y":-0.9236487746238709,"z":0.16982276737689973,"w":-0.3378959000110626},"size":0.6585426330566406,"orthographic":false}