{"cameraMode":{"drawMode":0,"name":"Shaded","section":"Shading Mode"},"sceneLighting":false,"audioPlay":false,"sceneViewState":{"showFog":true,"showMaterialUpdate":true,"showSkybox":true,"showFlares":true,"showImageEffects":true,"showParticleSystems":true},"in2DMode":false,"pivot":{"x":-5.5093488693237309,"y":0.3303179144859314,"z":1.1079493761062623},"rotation":{"x":-0.062125466763973239,"y":-0.9236487746238709,"z":0.16982276737689973,"w":-0.3378959000110626},"size":3.004088878631592,"orthographic":false}