{"cameraMode":{"drawMode":0,"name":"Shaded","section":"Shading Mode"},"sceneLighting":false,"audioPlay":false,"sceneViewState":{"showFog":true,"showMaterialUpdate":true,"showSkybox":true,"showFlares":true,"showImageEffects":true,"showParticleSystems":true},"in2DMode":false,"pivot":{"x":1.0986980199813843,"y":0.3318262994289398,"z":-1.224778652191162},"rotation":{"x":-0.062125466763973239,"y":-0.9236487746238709,"z":0.16982276737689973,"w":-0.3378959000110626},"size":3.8187508583068849,"orthographic":false}