{"cameraMode":{"drawMode":0,"name":"Shaded","section":"Shading Mode"},"sceneLighting":false,"audioPlay":false,"sceneViewState":{"showFog":true,"showMaterialUpdate":false,"showSkybox":true,"showFlares":true,"showImageEffects":true,"showParticleSystems":true},"in2DMode":false,"pivot":{"x":0.3091000020503998,"y":0.03366667032241821,"z":-0.2043333351612091},"rotation":{"x":-0.001790328067727387,"y":-0.14557310938835145,"z":0.000263514113612473,"w":-0.989345908164978},"size":0.18780367076396943,"orthographic":false}