{"cameraMode":{"drawMode":0,"name":"Shaded","section":"Shading Mode"},"sceneLighting":false,"audioPlay":false,"sceneViewState":{"showFog":true,"showMaterialUpdate":false,"showSkybox":true,"showFlares":true,"showImageEffects":true,"showParticleSystems":true},"in2DMode":false,"pivot":{"x":-8.28591251373291,"y":0.32358044385910036,"z":4.812544822692871},"rotation":{"x":0.22611193358898164,"y":-0.26626917719841006,"z":0.06440677493810654,"w":0.9347866177558899},"size":1.1755205392837525,"orthographic":false}