{"cameraMode":{"drawMode":0,"name":"Shaded","section":"Shading Mode"},"sceneLighting":false,"audioPlay":false,"sceneViewState":{"showFog":true,"showMaterialUpdate":false,"showSkybox":true,"showFlares":true,"showImageEffects":true,"showParticleSystems":true},"in2DMode":false,"pivot":{"x":-1.1796045303344727,"y":0.3751782774925232,"z":-3.240114688873291},"rotation":{"x":0.22611193358898164,"y":-0.26626917719841006,"z":0.06440677493810654,"w":0.9347866177558899},"size":2.8165476322174074,"orthographic":false}