{"cameraMode":{"drawMode":0,"name":"Shaded","section":"Shading Mode"},"sceneLighting":false,"audioPlay":false,"sceneViewState":{"showFog":true,"showMaterialUpdate":true,"showSkybox":true,"showFlares":true,"showImageEffects":true,"showParticleSystems":true},"in2DMode":false,"pivot":{"x":-1.8836970329284669,"y":0.3900759220123291,"z":0.9309889674186707},"rotation":{"x":-0.062125466763973239,"y":-0.9236487746238709,"z":0.16982276737689973,"w":-0.3378959000110626},"size":4.484870433807373,"orthographic":false}