{"cameraMode":{"drawMode":0,"name":"Shaded","section":"Shading Mode"},"sceneLighting":false,"audioPlay":false,"sceneViewState":{"showFog":true,"showMaterialUpdate":false,"showSkybox":true,"showFlares":true,"showImageEffects":true,"showParticleSystems":true},"in2DMode":false,"pivot":{"x":-2.422715187072754,"y":1.2900457382202149,"z":6.67474889755249},"rotation":{"x":0.22611193358898164,"y":-0.26626917719841006,"z":0.06440677493810654,"w":0.9347866177558899},"size":0.7450408935546875,"orthographic":false}