{"cameraMode":{"drawMode":0,"name":"Shaded","section":"Shading Mode"},"sceneLighting":false,"audioPlay":false,"sceneViewState":{"showFog":true,"showMaterialUpdate":true,"showSkybox":true,"showFlares":true,"showImageEffects":true,"showParticleSystems":true},"in2DMode":false,"pivot":{"x":4.263848304748535,"y":0.33182641863822939,"z":0.505526065826416},"rotation":{"x":-0.062125466763973239,"y":-0.9236487746238709,"z":0.16982276737689973,"w":-0.3378959000110626},"size":5.514502048492432,"orthographic":false}