{"cameraMode":{"drawMode":0,"name":"Shaded","section":"Shading Mode"},"sceneLighting":false,"audioPlay":false,"sceneViewState":{"showFog":true,"showMaterialUpdate":false,"showSkybox":true,"showFlares":true,"showImageEffects":true,"showParticleSystems":true},"in2DMode":false,"pivot":{"x":3.4376277923583986,"y":0.4278605580329895,"z":-5.076932907104492},"rotation":{"x":0.22611193358898164,"y":-0.26626917719841006,"z":0.06440677493810654,"w":0.9347866177558899},"size":1.9413968324661255,"orthographic":false}