{"cameraMode":{"drawMode":0,"name":"Shaded","section":"Shading Mode"},"sceneLighting":false,"audioPlay":false,"sceneViewState":{"showFog":true,"showMaterialUpdate":false,"showSkybox":true,"showFlares":true,"showImageEffects":true,"showParticleSystems":true},"in2DMode":false,"pivot":{"x":3.4376254081726076,"y":0.42786040902137759,"z":-2.6184844970703127},"rotation":{"x":0.22611193358898164,"y":-0.26626917719841006,"z":0.06440677493810654,"w":0.9347866177558899},"size":2.4338252544403078,"orthographic":false}